商工組合中央金庫,2004,労働金庫・信用金庫・商工中金
沖縄県労働金庫,2997,労働金庫・信用金庫・商工中金
近畿労働金庫,2978,労働金庫・信用金庫・商工中金
九州労働金庫,2990,労働金庫・信用金庫・商工中金
四国労働金庫,2987,労働金庫・信用金庫・商工中金
新潟県労働金庫,2965,労働金庫・信用金庫・商工中金
静岡県労働金庫,2968,労働金庫・信用金庫・商工中金
中央労働金庫,2963,労働金庫・信用金庫・商工中金
中国労働金庫,2984,労働金庫・信用金庫・商工中金
長野県労働金庫,2966,労働金庫・信用金庫・商工中金
東海労働金庫,2972,労働金庫・信用金庫・商工中金
東北労働金庫,2954,労働金庫・信用金庫・商工中金
北海道労働金庫,2951,労働金庫・信用金庫・商工中金
北陸労働金庫,2970,労働金庫・信用金庫・商工中金
労働金庫連合会,2950,労働金庫・信用金庫・商工中金
アイオー信用金庫,1206,労働金庫・信用金庫・商工中金
あぶくま信用金庫,1188,労働金庫・信用金庫・商工中金
アルプス中央信用金庫,1396,労働金庫・信用金庫・商工中金
いちい信用金庫,1553,労働金庫・信用金庫・商工中金
おかやま信用金庫,1732,労働金庫・信用金庫・商工中金
かながわ信用金庫,1281,労働金庫・信用金庫・商工中金
きのくに信用金庫,1674,労働金庫・信用金庫・商工中金
コザ信用金庫,1996,労働金庫・信用金庫・商工中金
さがみ信用金庫,1288,労働金庫・信用金庫・商工中金
さわやか信用金庫,1310,労働金庫・信用金庫・商工中金
しずおか焼津信用金庫,1501,労働金庫・信用金庫・商工中金
しののめ信用金庫,1211,労働金庫・信用金庫・商工中金
しまなみ信用金庫,1756,労働金庫・信用金庫・商工中金
しまね信用金庫,1710,労働金庫・信用金庫・商工中金
たちばな信用金庫,1942,労働金庫・信用金庫・商工中金
にいかわ信用金庫,1405,労働金庫・信用金庫・商工中金
のと共栄信用金庫,1442,労働金庫・信用金庫・商工中金
はくさん信用金庫,1444,労働金庫・信用金庫・商工中金
ひまわり信用金庫,1186,労働金庫・信用金庫・商工中金
阿南信用金庫,1803,労働金庫・信用金庫・商工中金
愛知信用金庫,1550,労働金庫・信用金庫・商工中金
愛媛信用金庫,1860,労働金庫・信用金庫・商工中金
旭川信用金庫,1020,労働金庫・信用金庫・商工中金
伊達信用金庫,1009,労働金庫・信用金庫・商工中金
伊万里信用金庫,1932,労働金庫・信用金庫・商工中金
一関信用金庫,1153,労働金庫・信用金庫・商工中金
宇和島信用金庫,1862,労働金庫・信用金庫・商工中金
烏山信用金庫,1227,労働金庫・信用金庫・商工中金
羽後信用金庫,1123,労働金庫・信用金庫・商工中金
永和信用金庫,1643,労働金庫・信用金庫・商工中金
越前信用金庫,1475,労働金庫・信用金庫・商工中金
奄美大島信用金庫,1993,労働金庫・信用金庫・商工中金
延岡信用金庫,1982,労働金庫・信用金庫・商工中金
遠賀信用金庫,1920,労働金庫・信用金庫・商工中金
遠軽信用金庫,1033,労働金庫・信用金庫・商工中金
遠州信用金庫,1517,労働金庫・信用金庫・商工中金
横浜信用金庫,1280,労働金庫・信用金庫・商工中金
岡崎信用金庫,1552,労働金庫・信用金庫・商工中金
加茂信用金庫,1380,労働金庫・信用金庫・商工中金
花巻信用金庫,1155,労働金庫・信用金庫・商工中金
会津信用金庫,1181,労働金庫・信用金庫・商工中金
蒲郡信用金庫,1562,労働金庫・信用金庫・商工中金
観音寺信用金庫,1833,労働金庫・信用金庫・商工中金
関信用金庫,1534,労働金庫・信用金庫・商工中金
館山信用金庫,1264,労働金庫・信用金庫・商工中金
館林信用金庫,1209,労働金庫・信用金庫・商工中金
岐阜信用金庫,1530,労働金庫・信用金庫・商工中金
気仙沼信用金庫,1175,労働金庫・信用金庫・商工中金
紀北信用金庫,1585,労働金庫・信用金庫・商工中金
亀有信用金庫,1323,労働金庫・信用金庫・商工中金
吉備信用金庫,1741,労働金庫・信用金庫・商工中金
宮古信用金庫,1152,労働金庫・信用金庫・商工中金
宮崎第一信用金庫,1980,労働金庫・信用金庫・商工中金
宮城第一信用金庫,1171,労働金庫・信用金庫・商工中金
京都信用金庫,1610,労働金庫・信用金庫・商工中金
京都中央信用金庫,1611,労働金庫・信用金庫・商工中金
京都北都信用金庫,1620,労働金庫・信用金庫・商工中金
興産信用金庫,1305,労働金庫・信用金庫・商工中金
興能信用金庫,1448,労働金庫・信用金庫・商工中金
玉島信用金庫,1738,労働金庫・信用金庫・商工中金
桐生信用金庫,1204,労働金庫・信用金庫・商工中金
金沢信用金庫,1440,労働金庫・信用金庫・商工中金
九州ひぜん信用金庫,1933,労働金庫・信用金庫・商工中金
空知信用金庫,1004,労働金庫・信用金庫・商工中金
釧路信用金庫,1027,労働金庫・信用金庫・商工中金
熊本信用金庫,1951,労働金庫・信用金庫・商工中金
熊本第一信用金庫,1952,労働金庫・信用金庫・商工中金
熊本中央信用金庫,1954,労働金庫・信用金庫・商工中金
桑名三重信用金庫,1583,労働金庫・信用金庫・商工中金
郡山信用金庫,1182,労働金庫・信用金庫・商工中金
結城信用金庫,1242,労働金庫・信用金庫・商工中金
湖東信用金庫,1604,労働金庫・信用金庫・商工中金
呉信用金庫,1752,労働金庫・信用金庫・商工中金
広島みどり信用金庫,1758,労働金庫・信用金庫・商工中金
広島信用金庫,1750,労働金庫・信用金庫・商工中金
甲府信用金庫,1385,労働金庫・信用金庫・商工中金
高岡信用金庫,1402,労働金庫・信用金庫・商工中金
高崎信用金庫,1203,労働金庫・信用金庫・商工中金
高山信用金庫,1532,労働金庫・信用金庫・商工中金
高松信用金庫,1830,労働金庫・信用金庫・商工中金
高知信用金庫,1881,労働金庫・信用金庫・商工中金
高鍋信用金庫,1985,労働金庫・信用金庫・商工中金
佐賀信用金庫,1931,労働金庫・信用金庫・商工中金
佐原信用金庫,1267,労働金庫・信用金庫・商工中金
佐野信用金庫,1224,労働金庫・信用金庫・商工中金
埼玉縣信用金庫,1250,労働金庫・信用金庫・商工中金
三条信用金庫,1373,労働金庫・信用金庫・商工中金
三島信用金庫,1506,労働金庫・信用金庫・商工中金
山形信用金庫,1140,労働金庫・信用金庫・商工中金
山梨信用金庫,1386,労働金庫・信用金庫・商工中金
滋賀中央信用金庫,1602,労働金庫・信用金庫・商工中金
鹿児島信用金庫,1990,労働金庫・信用金庫・商工中金
鹿児島相互信用金庫,1991,労働金庫・信用金庫・商工中金
鹿沼相互信用金庫,1223,労働金庫・信用金庫・商工中金
室蘭信用金庫,1003,労働金庫・信用金庫・商工中金
芝信用金庫,1319,労働金庫・信用金庫・商工中金
秋田信用金庫,1120,労働金庫・信用金庫・商工中金
小松川信用金庫,1326,労働金庫・信用金庫・商工中金
小浜信用金庫,1473,労働金庫・信用金庫・商工中金
昭和信用金庫,1345,労働金庫・信用金庫・商工中金
松本信用金庫,1391,労働金庫・信用金庫・商工中金
沼津信用金庫,1505,労働金庫・信用金庫・商工中金
湘南信用金庫,1282,労働金庫・信用金庫・商工中金
上越信用金庫,1376,労働金庫・信用金庫・商工中金
上田信用金庫,1392,労働金庫・信用金庫・商工中金
城南信用金庫,1344,労働金庫・信用金庫・商工中金
城北信用金庫,1351,労働金庫・信用金庫・商工中金
新井信用金庫,1377,労働金庫・信用金庫・商工中金
新潟信用金庫,1370,労働金庫・信用金庫・商工中金
新宮信用金庫,1671,労働金庫・信用金庫・商工中金
新庄信用金庫,1143,労働金庫・信用金庫・商工中金
新発田信用金庫,1374,労働金庫・信用金庫・商工中金
新湊信用金庫,1404,労働金庫・信用金庫・商工中金
神戸信用金庫,1680,労働金庫・信用金庫・商工中金
諏訪信用金庫,1393,労働金庫・信用金庫・商工中金
須賀川信用金庫,1185,労働金庫・信用金庫・商工中金
水戸信用金庫,1240,労働金庫・信用金庫・商工中金
水沢信用金庫,1156,労働金庫・信用金庫・商工中金
水島信用金庫,1734,労働金庫・信用金庫・商工中金
世田谷信用金庫,1348,労働金庫・信用金庫・商工中金
瀬戸信用金庫,1554,労働金庫・信用金庫・商工中金
盛岡信用金庫,1150,労働金庫・信用金庫・商工中金
西京信用金庫,1336,労働金庫・信用金庫・商工中金
西中国信用金庫,1781,労働金庫・信用金庫・商工中金
西尾信用金庫,1561,労働金庫・信用金庫・商工中金
西武信用金庫,1341,労働金庫・信用金庫・商工中金
西兵庫信用金庫,1694,労働金庫・信用金庫・商工中金
青い森信用金庫,1105,労働金庫・信用金庫・商工中金
青梅信用金庫,1358,労働金庫・信用金庫・商工中金
青木信用金庫,1252,労働金庫・信用金庫・商工中金
静清信用金庫,1502,労働金庫・信用金庫・商工中金
石巻信用金庫,1172,労働金庫・信用金庫・商工中金
石動信用金庫,1413,労働金庫・信用金庫・商工中金
仙南信用金庫,1174,労働金庫・信用金庫・商工中金
千葉信用金庫,1260,労働金庫・信用金庫・商工中金
川口信用金庫,1251,労働金庫・信用金庫・商工中金
川崎信用金庫,1283,労働金庫・信用金庫・商工中金
川之江信用金庫,1866,労働金庫・信用金庫・商工中金
倉吉信用金庫,1703,労働金庫・信用金庫・商工中金
巣鴨信用金庫,1356,労働金庫・信用金庫・商工中金
足利小山信用金庫,1221,労働金庫・信用金庫・商工中金
足立成和信用金庫,1327,労働金庫・信用金庫・商工中金
村上信用金庫,1379,労働金庫・信用金庫・商工中金
多摩信用金庫,1360,労働金庫・信用金庫・商工中金
帯広信用金庫,1026,労働金庫・信用金庫・商工中金
大垣西濃信用金庫,1531,労働金庫・信用金庫・商工中金
大阪シティ信用金庫,1635,労働金庫・信用金庫・商工中金
大阪厚生信用金庫,1633,労働金庫・信用金庫・商工中金
大阪商工信用金庫,1636,労働金庫・信用金庫・商工中金
大阪信用金庫,1630,労働金庫・信用金庫・商工中金
大川信用金庫,1917,労働金庫・信用金庫・商工中金
大地みらい信用金庫,1028,労働金庫・信用金庫・商工中金
大田原信用金庫,1225,労働金庫・信用金庫・商工中金
大分みらい信用金庫,1962,労働金庫・信用金庫・商工中金
大分信用金庫,1960,労働金庫・信用金庫・商工中金
大牟田柳川信用金庫,1908,労働金庫・信用金庫・商工中金
大和信用金庫,1667,労働金庫・信用金庫・商工中金
瀧野川信用金庫,1352,労働金庫・信用金庫・商工中金
但馬信用金庫,1692,労働金庫・信用金庫・商工中金
但陽信用金庫,1696,労働金庫・信用金庫・商工中金
淡路信用金庫,1691,労働金庫・信用金庫・商工中金
知多信用金庫,1556,労働金庫・信用金庫・商工中金
稚内信用金庫,1021,労働金庫・信用金庫・商工中金
筑後信用金庫,1909,労働金庫・信用金庫・商工中金
中栄信用金庫,1289,労働金庫・信用金庫・商工中金
中南信用金庫,1290,労働金庫・信用金庫・商工中金
中日信用金庫,1565,労働金庫・信用金庫・商工中金
中兵庫信用金庫,1695,労働金庫・信用金庫・商工中金
朝日信用金庫,1303,労働金庫・信用金庫・商工中金
銚子信用金庫,1261,労働金庫・信用金庫・商工中金
長岡信用金庫,1371,労働金庫・信用金庫・商工中金
長浜信用金庫,1603,労働金庫・信用金庫・商工中金
長野信用金庫,1390,労働金庫・信用金庫・商工中金
鳥取信用金庫,1701,労働金庫・信用金庫・商工中金
津山信用金庫,1735,労働金庫・信用金庫・商工中金
鶴岡信用金庫,1142,労働金庫・信用金庫・商工中金
天草信用金庫,1955,労働金庫・信用金庫・商工中金
田川信用金庫,1913,労働金庫・信用金庫・商工中金
杜の都信用金庫,1170,労働金庫・信用金庫・商工中金
渡島信用金庫,1013,労働金庫・信用金庫・商工中金
砺波信用金庫,1412,労働金庫・信用金庫・商工中金
唐津信用金庫,1930,労働金庫・信用金庫・商工中金
島根中央信用金庫,1712,労働金庫・信用金庫・商工中金
島田掛川信用金庫,1513,労働金庫・信用金庫・商工中金
東栄信用金庫,1321,労働金庫・信用金庫・商工中金
東奥信用金庫,1104,労働金庫・信用金庫・商工中金
東京シティ信用金庫,1311,労働金庫・信用金庫・商工中金
東京ベイ信用金庫,1262,労働金庫・信用金庫・商工中金
東京三協信用金庫,1333,労働金庫・信用金庫・商工中金
東京信用金庫,1349,労働金庫・信用金庫・商工中金
東京東信用金庫,1320,労働金庫・信用金庫・商工中金
東山口信用金庫,1789,労働金庫・信用金庫・商工中金
東春信用金庫,1566,労働金庫・信用金庫・商工中金
東濃信用金庫,1533,労働金庫・信用金庫・商工中金
東予信用金庫,1864,労働金庫・信用金庫・商工中金
道南うみ街信用金庫,1014,労働金庫・信用金庫・商工中金
徳島信用金庫,1801,労働金庫・信用金庫・商工中金
栃木信用金庫,1222,労働金庫・信用金庫・商工中金
苫小牧信用金庫,1006,労働金庫・信用金庫・商工中金
敦賀信用金庫,1471,労働金庫・信用金庫・商工中金
奈良信用金庫,1666,労働金庫・信用金庫・商工中金
奈良中央信用金庫,1668,労働金庫・信用金庫・商工中金
二本松信用金庫,1189,労働金庫・信用金庫・商工中金
尼崎信用金庫,1688,労働金庫・信用金庫・商工中金
日高信用金庫,1011,労働金庫・信用金庫・商工中金
日新信用金庫,1689,労働金庫・信用金庫・商工中金
日田信用金庫,1968,労働金庫・信用金庫・商工中金
日本海信用金庫,1711,労働金庫・信用金庫・商工中金
播州信用金庫,1686,労働金庫・信用金庫・商工中金
萩山口信用金庫,1780,労働金庫・信用金庫・商工中金
柏崎信用金庫,1375,労働金庫・信用金庫・商工中金
白河信用金庫,1184,労働金庫・信用金庫・商工中金
幡多信用金庫,1880,労働金庫・信用金庫・商工中金
八幡信用金庫,1538,労働金庫・信用金庫・商工中金
半田信用金庫,1555,労働金庫・信用金庫・商工中金
飯塚信用金庫,1910,労働金庫・信用金庫・商工中金
飯田信用金庫,1394,労働金庫・信用金庫・商工中金
飯能信用金庫,1253,労働金庫・信用金庫・商工中金
備前日生信用金庫,1743,労働金庫・信用金庫・商工中金
備北信用金庫,1740,労働金庫・信用金庫・商工中金
尾西信用金庫,1563,労働金庫・信用金庫・商工中金
姫路信用金庫,1685,労働金庫・信用金庫・商工中金
氷見伏木信用金庫,1406,労働金庫・信用金庫・商工中金
浜松磐田信用金庫,1503,労働金庫・信用金庫・商工中金
富山信用金庫,1401,労働金庫・信用金庫・商工中金
富士宮信用金庫,1507,労働金庫・信用金庫・商工中金
富士信用金庫,1515,労働金庫・信用金庫・商工中金
福井信用金庫,1470,労働金庫・信用金庫・商工中金
福岡ひびき信用金庫,1903,労働金庫・信用金庫・商工中金
福岡信用金庫,1901,労働金庫・信用金庫・商工中金
福島信用金庫,1190,労働金庫・信用金庫・商工中金
兵庫信用金庫,1687,労働金庫・信用金庫・商工中金
平塚信用金庫,1286,労働金庫・信用金庫・商工中金
米子信用金庫,1702,労働金庫・信用金庫・商工中金
米沢信用金庫,1141,労働金庫・信用金庫・商工中金
碧海信用金庫,1560,労働金庫・信用金庫・商工中金
豊橋信用金庫,1551,労働金庫・信用金庫・商工中金
豊川信用金庫,1557,労働金庫・信用金庫・商工中金
豊田信用金庫,1559,労働金庫・信用金庫・商工中金
北おおさか信用金庫,1645,労働金庫・信用金庫・商工中金
北伊勢上野信用金庫,1581,労働金庫・信用金庫・商工中金
北海道信用金庫,1001,労働金庫・信用金庫・商工中金
北空知信用金庫,1010,労働金庫・信用金庫・商工中金
北群馬信用金庫,1210,労働金庫・信用金庫・商工中金
北見信用金庫,1030,労働金庫・信用金庫・商工中金
北上信用金庫,1154,労働金庫・信用金庫・商工中金
北星信用金庫,1024,労働金庫・信用金庫・商工中金
北門信用金庫,1008,労働金庫・信用金庫・商工中金
枚方信用金庫,1656,労働金庫・信用金庫・商工中金
網走信用金庫,1031,労働金庫・信用金庫・商工中金
目黒信用金庫,1346,労働金庫・信用金庫・商工中金
利根郡信用金庫,1208,労働金庫・信用金庫・商工中金
留萌信用金庫,1022,労働金庫・信用金庫・商工中金
みずほ銀行,0001,銀行
三菱UFJ銀行,0005,銀行
三菱ＵＦＪ信託銀行,0288,銀行
三井住友銀行,0009,銀行
三井住友信託銀行,0294,銀行
りそな銀行,0010,銀行
SBI新生銀行,0397,銀行
みずほ信託銀行,0289,銀行
オリックス銀行,0307,銀行
あおぞら銀行,0398,銀行
大和ネクスト銀行,0041,銀行
PayPay銀行,0033,銀行
ソニー銀行,0035,銀行
楽天銀行,0036,銀行
住信SBIネット銀行,0038,銀行
auじぶん銀行,0039,銀行
イオン銀行,0040,銀行
ローソン銀行,0042,銀行
UI銀行,0044,銀行
GMOあおぞらネット銀行,0310,銀行
ＳＢＪ銀行,0472,銀行
SMBC信託銀行,0300,銀行
あいち銀行,0542,銀行
インドステイト銀行,0468,銀行
きらぼし銀行,0137,銀行
きらやか銀行,0508,銀行
クレディ・アグリコル銀行,0421,銀行
コメルツ銀行,0461,銀行
スタンダードチャータード銀行,0413,銀行
ステ－ト・ストリ－ト信託銀行,0299,銀行
スルガ銀行,0150,銀行
セブン銀行,0034,銀行
ソシエテ・ジェネラル銀行,0445,銀行
千葉銀行,0134,銀行
中國銀行（バンクオブチャイナ）,0489,銀行
トマト銀行,0566,銀行
バークレイズ・バンク・ピーエルシー（バークレイズ銀行）,0414,銀行
ビー・エヌ・ピー・パリバ銀行,0443,銀行
みなと銀行,0562,銀行
もみじ銀行,0569,銀行
ユナイテッド・オーバーシーズ・バンク・リミテッド（ユナイテッド・オーバーシーズ銀行）,0438,銀行
阿波銀行,0172,銀行
愛媛銀行,0576,銀行
伊予銀行,0174,銀行
印度銀行,0424,銀行
横浜銀行,0138,銀行
沖縄海邦銀行,0596,銀行
沖縄銀行,0188,銀行
関西みらい銀行,0159,銀行
岩手銀行,0123,銀行
紀陽銀行,0163,銀行
宮崎銀行,0184,銀行
宮崎太陽銀行,0591,銀行
京都銀行,0158,銀行
京葉銀行,0522,銀行
熊本銀行,0587,銀行
群馬銀行,0128,銀行
広島銀行,0169,銀行
香港上海銀行,0411,銀行
香川銀行,0573,銀行
高知銀行,0578,銀行
佐賀銀行,0179,銀行
佐賀共栄銀行,0583,銀行
埼玉りそな銀行,0017,銀行
三十三銀行,0154,銀行
山陰合同銀行,0167,銀行
山形銀行,0122,銀行
山口銀行,0170,銀行
山梨中央銀行,0142,銀行
四国銀行,0175,銀行
滋賀銀行,0157,銀行
鹿児島銀行,0185,銀行
七十七銀行,0125,銀行
秋田銀行,0119,銀行
十八親和銀行,0181,銀行
十六銀行,0153,銀行
彰化商業銀行,0607,銀行
常陽銀行,0130,銀行
神奈川銀行,0530,銀行
清水銀行,0151,銀行
西京銀行,0570,銀行
西日本シティ銀行,0190,銀行
青森みちのく銀行,0117,銀行
静岡銀行,0149,銀行
静岡中央銀行,0538,銀行
仙台銀行,0512,銀行
千葉興業銀行,0135,銀行
荘内銀行,0121,銀行
足利銀行,0129,銀行
大垣共立銀行,0152,銀行
大光銀行,0532,銀行
大東銀行,0514,銀行
大分銀行,0183,銀行
第一商業銀行,0611,銀行
第四北越銀行,0140,銀行
但馬銀行,0164,銀行
池田泉州銀行,0161,銀行
筑波銀行,0131,銀行
筑邦銀行,0178,銀行
中国銀行,0168,銀行
中国建設銀行,0625,銀行
中国工商銀行,0619,銀行
中國信託商業銀行,0621,銀行
兆豐國際商業銀行,0425,銀行
長崎銀行,0585,銀行
長野銀行,0533,銀行
鳥取銀行,0166,銀行
島根銀行,0565,銀行
東京スター銀行,0526,銀行
東日本銀行,0525,銀行
東邦銀行,0126,銀行
東北銀行,0124,銀行
東和銀行,0516,銀行
徳島大正銀行,0572,銀行
栃木銀行,0517,銀行
南都銀行,0162,銀行
南日本銀行,0594,銀行
日本カストディ銀行,0324,銀行
日本マスタートラスト信託銀行,0297,銀行
八十二銀行,0143,銀行
肥後銀行,0182,銀行
百五銀行,0155,銀行
百十四銀行,0173,銀行
富山銀行,0145,銀行
富山第一銀行,0534,銀行
武蔵野銀行,0133,銀行
福井銀行,0147,銀行
福岡銀行,0177,銀行
福岡中央銀行,0582,銀行
福島銀行,0513,銀行
福邦銀行,0537,銀行
豊和銀行,0590,銀行
北海道銀行,0116,銀行
北九州銀行,0191,銀行
北都銀行,0120,銀行
北日本銀行,0509,銀行
北洋銀行,0501,銀行
北陸銀行,0144,銀行
北國銀行,0146,銀行
名古屋銀行,0543,銀行
琉球銀行,0187,銀行
國民銀行,0624,銀行
ＪＦしまね漁業協同組合,9481,その他
あいち海部農業協同組合,6514,その他
あいち三河農業協同組合,6572,その他
あいち知多農業協同組合,6531,その他
あいち中央農業協同組合,6552,その他
あいち尾東農業協同組合,6466,その他
あいち豊田農業協同組合,6582,その他
あいら農業協同組合,9319,その他
あおぞら農業協同組合,9338,その他
あおば農業協同組合,5895,その他
あかぎ信用組合,2143,その他
あかし農業協同組合,7239,その他
あがつま農業協同組合,4626,その他
あきた湖東農業協同組合,3798,その他
あきた白神農業協同組合,3784,その他
あきた北農業協同組合,3764,その他
あさか野農業協同組合,4730,その他
あさひかわ農業協同組合,3210,その他
あしきた農業協同組合,9043,その他
あすか信用組合,2060,その他
あづみ農業協同組合,5466,その他
あまくさ農業協同組合,9070,その他
あまみ農業協同組合,9363,その他
アルプス農業協同組合,5888,その他
あわじ島農業協同組合,7373,その他
イオ信用組合,2471,その他
いしのまき農業協同組合,3731,その他
いずみの農業協同組合,7092,その他
いすみ農業協同組合,4893,その他
いなば農業協同組合,5932,その他
いび川農業協同組合,6198,その他
いぶすき農業協同組合,9251,その他
いみず野農業協同組合,5911,その他
いるま野農業協同組合,4735,その他
いわき信用組合,2092,その他
いわて平泉農業協同組合,3590,その他
いわみざわ農業協同組合,3156,その他
うご農業協同組合,3917,その他
うま農業協同組合,8389,その他
ウリ信用組合,2014,その他
えちご上越農業協同組合,5768,その他
えちご中越農業協同組合,5666,その他
えひめ中央農業協同組合,8500,その他
えひめ南農業協同組合,8482,その他
えひめ未来農業協同組合,8397,その他
えんゆう農業協同組合,3306,その他
おいらせ農業協同組合,3474,その他
オホーツクはまなす農業協同組合,3301,その他
オホーツク網走農業協同組合,3326,その他
かづの農業協同組合,3762,その他
かとり農業協同組合,5000,その他
かながわ西湘農業協同組合,5147,その他
きたそらち農業協同組合,3189,その他
きたみらい農業協同組合,3317,その他
ぎふ農業協同組合,6129,その他
きょうわ農業協同組合,3087,その他
くまがや農業協同組合,4808,その他
グリーン近江農業協同組合,6897,その他
グリーン大阪農業協同組合,7156,その他
グリーン長野農業協同組合,5477,その他
クレイン農業協同組合,5272,その他
ぐんまみらい信用組合,2149,その他
ごしょつがる農業協同組合,3442,その他
ごとう農業協同組合,8893,その他
こまち農業協同組合,3913,その他
さいかつ農業協同組合,4864,その他
さいたま農業協同組合,4682,その他
さがえ西村山農業協同組合,3943,その他
さがみ農業協同組合,5131,その他
さつま日置農業協同組合,9270,その他
サツラク農業協同組合,3154,その他
ジェー・ピー・モルガン・チェース・バンク・ナショナル・アソシエーション,0402,その他
シティバンク、エヌ・エイ,0401,その他
しれとこ斜里農業協同組合,3329,その他
セレサ川崎農業協同組合,5123,その他
そお鹿児島農業協同組合,9332,その他
そらち南農業協同組合,3172,その他
たいせつ農業協同組合,3214,その他
たきかわ農業協同組合,3177,その他
たじま農業協同組合,7338,その他
ちちぶ農業協同組合,4792,その他
ちばみどり農業協同組合,5016,その他
ちば東葛農業協同組合,4975,その他
つがるにしきた農業協同組合,3421,その他
つがる弘前農業協同組合,3387,その他
つくば市谷田部農業協同組合,4371,その他
つくば市農業協同組合,4363,その他
とうかつ中央農業協同組合,4965,その他
とうや湖農業協同組合,3103,その他
徳島県農業協同組合,8252,その他
となみ野農業協同組合,5921,その他
とぴあ浜松農業協同組合,6403,その他
とまこまい広域農業協同組合,3112,その他
ながさき西海農業協同組合,8857,その他
ながぬま農業協同組合,3170,その他
ながの農業協同組合,5499,その他
なぎさ信用漁業協同組合連合会,9477,その他
なごや農業協同組合,6430,その他
なのはな農業協同組合,5898,その他
なめがたしおさい農業協同組合,4301,その他
なんと農業協同組合,5927,その他
新潟かがやき農業協同組合,5600,その他
西日本信用漁業協同組合連合会,9486,その他
にじ農業協同組合,8653,その他
のぞみ信用組合,2549,その他
能登農業協同組合,6113,その他
ハイナン農業協同組合,6382,その他
はが野農業協同組合,4463,その他
はくい農業協同組合,6076,その他
はぐくみ農業協同組合,4567,その他
ハナ信用組合,2277,その他
はばたき信用組合,2357,その他
ハリマ農業協同組合,7326,その他
バンク・オブ・アメリカ・エヌ・エイ,0403,その他
バンコック・バンク・パブリック・カンパニー・リミテッド,0426,その他
ピーティー・バンクネガラインドネシア,0429,その他
ひまわり農業協同組合,6612,その他
びらとり農業協同組合,3120,その他
ひろしま農業協同組合,7994,その他
ピンネ農業協同組合,3181,その他
ふかや農業協同組合,4874,その他
ふくしま未来農業協同組合,4047,その他
ふらの農業協同組合,3231,その他
フルーツ山梨農業協同組合,5169,その他
べっぷ日出農業協同組合,9103,その他
ほくさい農業協同組合,4828,その他
ほこた農業協同組合,4296,その他
マインズ農業協同組合,5070,その他
みい農業協同組合,8656,その他
みえなか農業協同組合,6677,その他
みちのく村山農業協同組合,3960,その他
みついし農業協同組合,3126,その他
みなみ魚沼農業協同組合,5707,その他
みなみ信州農業協同組合,5405,その他
みな穂農業協同組合,5877,その他
みのり農業協同組合,7249,その他
みやぎ仙南農業協同組合,3751,その他
みやぎ登米農業協同組合,3665,その他
ミレ信用組合,2582,その他
めぐみの農業協同組合,6242,その他
もがみ中央農業協同組合,3973,その他
やさと農業協同組合,4387,その他
ゆうき青森農業協同組合,3469,その他
ゆきぐに信用組合,2365,その他
ようてい農業協同組合,3086,その他
よこすか葉山農業協同組合,5128,その他
るもい農業協同組合,3202,その他
レーク伊吹農業協同組合,6919,その他
レーク滋賀農業協同組合,6874,その他
和歌山県農業協同組合,7532,その他
阿寒農業協同組合,3338,その他
阿蘇農業協同組合,8964,その他
愛知みなみ農業協同組合,6615,その他
愛知県医師信用組合,2447,その他
愛知県信用農業協同組合連合会,3022,その他
愛知県中央信用組合,2451,その他
愛知西農業協同組合,6483,その他
愛知東農業協同組合,6591,その他
愛知北農業協同組合,6470,その他
愛媛たいき農業協同組合,8457,その他
愛媛県信用漁業協同組合連合会,9487,その他
愛媛県信用農業協同組合連合会,3038,その他
安房農業協同組合,4876,その他
伊賀ふるさと農業協同組合,6758,その他
伊勢農業協同組合,6731,その他
伊達市農業協同組合,3107,その他
伊万里市農業協同組合,8771,その他
壱岐市農業協同組合,8905,その他
稲敷農業協同組合,4322,その他
茨城みなみ農業協同組合,4378,その他
茨城むつみ農業協同組合,4422,その他
茨城旭村農業協同組合,4295,その他
茨城県信用組合,2101,その他
茨城県信用農業協同組合連合会,3008,その他
茨木市農業協同組合,7032,その他
宇都宮農業協同組合,4445,その他
碓氷安中農業協同組合,4613,その他
浦幌町農業協同組合,3287,その他
益田信用組合,2481,その他
越前たけふ農業協同組合,6853,その他
越谷市農業協同組合,4847,その他
越智今治農業協同組合,8400,その他
奄美信用組合,2895,その他
遠州中央農業協同組合,6391,その他
遠州夢咲農業協同組合,6387,その他
塩野谷農業協同組合,4497,その他
横浜幸銀信用組合,2306,その他
横浜農業協同組合,5114,その他
岡山市農業協同組合,7755,その他
沖縄県農業協同組合,9375,その他
音更町農業協同組合,3278,その他
下野農業協同組合,4478,その他
加賀農業協同組合,5943,その他
加古川市南農業協同組合,7274,その他
加美よつば農業協同組合,3710,その他
花園農業協同組合,4823,その他
花巻農業協同組合,3553,その他
芽室町農業協同組合,3271,その他
会津よつば農業協同組合,4160,その他
会津商工信用組合,2096,その他
掛川市農業協同組合,6386,その他
笠岡信用組合,2674,その他
蒲郡市農業協同組合,6606,その他
巻信用組合,2362,その他
甘楽富岡農業協同組合,4608,その他
肝付吾平町農業協同組合,9347,その他
岩井農業協同組合,4425,その他
岩手ふるさと農業協同組合,3572,その他
岩手県信用農業協同組合連合会,3003,その他
岩手江刺農業協同組合,3579,その他
岩手中央農業協同組合,3541,その他
岐阜県信用農業協同組合連合会,3020,その他
岐阜商工信用組合,2470,その他
菊池地域農業協同組合,8949,その他
久留米市農業協同組合,8660,その他
宮崎県農業協同組合,9169,その他
宮崎県南部信用組合,2884,その他
球磨地域農業協同組合,9048,その他
魚沼農業協同組合,5714,その他
魚津市農業協同組合,5885,その他
京滋信用組合,2526,その他
京都やましろ農業協同組合,6961,その他
京都市農業協同組合,6941,その他
京都丹の国農業協同組合,6996,その他
京都中央農業協同組合,6956,その他
京都農業協同組合,6990,その他
京都府信用漁業協同組合連合会,9475,その他
京都府信用農業協同組合連合会,3026,その他
共立信用組合,2241,その他
協栄信用組合,2360,その他
興栄信用組合,2356,その他
玉名農業協同組合,8926,その他
近畿産業信用組合,2567,その他
金山農業協同組合,3987,その他
金沢市農業協同組合,6025,その他
金沢中央信用組合,2411,その他
金沢中央農業協同組合,6024,その他
九個荘農業協同組合,7191,その他
九州信用漁業協同組合連合会,9489,その他
空知商工信用組合,2019,その他
釧路信用組合,2025,その他
釧路太田農業協同組合,3334,その他
釧路丹頂農業協同組合,3339,その他
熊谷商工信用組合,2165,その他
熊本宇城農業協同組合,9010,その他
熊本県信用組合,2845,その他
熊本市農業協同組合,8916,その他
君津市農業協同組合,4909,その他
君津信用組合,2190,その他
群馬県信用組合,2146,その他
計根別農業協同組合,3350,その他
警視庁職員信用組合,2271,その他
月形町農業協同組合,3168,その他
県央愛川農業協同組合,5153,その他
古川信用組合,2062,その他
古川農業協同組合,3704,その他
湖東農業協同組合,6911,その他
厚木市農業協同組合,5152,その他
広島ゆたか農業協同組合,8019,その他
広島県信用漁業協同組合連合会,9483,その他
広島県信用組合,2681,その他
広島県信用農業協同組合連合会,3034,その他
広島市信用組合,2680,その他
広島市農業協同組合,7909,その他
広尾町農業協同組合,3270,その他
更別村農業協同組合,3267,その他
江東信用組合,2229,その他
甲賀農業協同組合,6889,その他
香川県信用組合,2721,その他
香川県信用農業協同組合連合会,3037,その他
香川県農業協同組合,8332,その他
高岡市農業協同組合,5916,その他
高崎市農業協同組合,4563,その他
高知県信用農業協同組合連合会,3039,その他
高知県農業協同組合,8582,その他
高知市農業協同組合,8551,その他
高槻市農業協同組合,7029,その他
黒部市農業協同組合,5883,その他
今金町農業協同組合,3058,その他
今治立花農業協同組合,8401,その他
根上農業協同組合,5980,その他
佐賀県信用農業協同組合連合会,3041,その他
佐賀県農業協同組合,8762,その他
佐賀市中央農業協同組合,8740,その他
佐賀西信用組合,2808,その他
佐賀東信用組合,2803,その他
佐久浅間農業協同組合,5335,その他
佐渡農業協同組合,5832,その他
佐波伊勢崎農業協同組合,4652,その他
佐野農業協同組合,4523,その他
佐呂間町農業協同組合,3303,その他
堺市農業協同組合,7111,その他
埼玉ひびきの農業協同組合,4802,その他
埼玉みずほ農業協同組合,4859,その他
埼玉岡部農業協同組合,4820,その他
埼玉県信用農業協同組合連合会,3011,その他
埼玉信用組合,2167,その他
埼玉中央農業協同組合,4780,その他
札内農業協同組合,3281,その他
札幌市農業協同組合,3133,その他
札幌中央信用組合,2013,その他
三ヶ日町農業協同組合,6423,その他
三浦市農業協同組合,5130,その他
三重県信用農業協同組合連合会,3023,その他
三重北農業協同組合,6649,その他
三潴町農業協同組合,8664,その他
山形おきたま農業協同組合,3989,その他
山形市農業協同組合,3931,その他
山形第一信用組合,2085,その他
山形中央信用組合,2084,その他
山形農業協同組合,3932,その他
山口県漁業協同組合,9484,その他
山口県信用組合,2703,その他
山口県信用農業協同組合連合会,3035,その他
山口県農業協同組合,8134,その他
山武郡市農業協同組合,4929,その他
山梨みらい農業協同組合,5207,その他
山梨県信用農業協同組合連合会,3015,その他
山梨県民信用組合,2377,その他
士幌町農業協同組合,3279,その他
市原市農業協同組合,4949,その他
市川市農業協同組合,4959,その他
志賀農業協同組合,6084,その他
糸魚川信用組合,2366,その他
糸島農業協同組合,8635,その他
滋賀蒲生町農業協同組合,6900,その他
滋賀県信用組合,2505,その他
滋賀県信用農業協同組合連合会,3025,その他
滋賀県民信用組合,2504,その他
鹿児島いずみ農業協同組合,9302,その他
鹿児島きもつき農業協同組合,9341,その他
鹿児島みらい農業協同組合,9229,その他
鹿児島興業信用組合,2890,その他
鹿児島県信用農業協同組合連合会,3046,その他
鹿追町農業協同組合,3276,その他
鹿本農業協同組合,8941,その他
七島信用組合,2243,その他
種子屋久農業協同組合,9353,その他
酒田市袖浦農業協同組合,4036,その他
周桑農業協同組合,8398,その他
宗像農業協同組合,8621,その他
宗谷南農業協同組合,3261,その他
秋川農業協同組合,5039,その他
秋田おばこ農業協同組合,3855,その他
秋田しんせい農業協同組合,3825,その他
秋田たかのす農業協同組合,3771,その他
秋田なまはげ農業協同組合,3810,その他
秋田ふるさと農業協同組合,3878,その他
秋田やまもと農業協同組合,3795,その他
秋田県信用組合,2075,その他
十勝信用組合,2024,その他
十勝清水町農業協同組合,3273,その他
十勝池田町農業協同組合,3283,その他
十和田おいらせ農業協同組合,3455,その他
宿毛商銀信用組合,2741,その他
女満別町農業協同組合,3321,その他
小山農業協同組合,4490,その他
小松市農業協同組合,5962,その他
小清水町農業協同組合,3328,その他
小田原第一信用組合,2315,その他
庄内たがわ農業協同組合,4013,その他
庄内みどり農業協同組合,4027,その他
松山市農業協同組合,8425,その他
松任市農業協同組合,5997,その他
松本ハイランド農業協同組合,5448,その他
湘南農業協同組合,5137,その他
上伊那農業協同組合,5384,その他
上益城農業協同組合,8982,その他
上士幌町農業協同組合,3280,その他
上川中央農業協同組合,3225,その他
上都賀農業協同組合,4456,その他
常総ひかり農業協同組合,4413,その他
常陸農業協同組合,4263,その他
常呂町農業協同組合,3322,その他
信金中央金庫,1000,その他
信州うえだ農業協同組合,5348,その他
信州諏訪農業協同組合,5372,その他
信用組合愛知商銀,2442,その他
信用組合横浜華銀,2307,その他
信用組合広島商銀,2684,その他
新おたる農業協同組合,3094,その他
新ひたち野農業協同組合,4394,その他
新みやぎ農業協同組合,3721,その他
新潟県信用農業協同組合連合会,3017,その他
新潟市農業協同組合,5864,その他
新潟大栄信用組合,2363,その他
新潟縣信用組合,2351,その他
新岩手農業協同組合,3517,その他
新砂川農業協同組合,3175,その他
新篠津村農業協同組合,3147,その他
新庄市農業協同組合,3971,その他
新田みどり農業協同組合,4664,その他
新得町農業協同組合,3275,その他
新函館農業協同組合,3068,その他
真岡信用組合,2122,その他
神奈川つくい農業協同組合,5162,その他
神奈川県医師信用組合,2304,その他
神奈川県歯科医師信用組合,2305,その他
神奈川県信用農業協同組合連合会,3014,その他
秦野市農業協同組合,5140,その他
水郷つくば農業協同組合,4344,その他
水戸農業協同組合,4238,その他
世田谷目黒農業協同組合,5095,その他
成協信用組合,2541,その他
成田市農業協同組合,4992,その他
晴れの国岡山農業協同組合,7837,その他
清水農業協同組合,6363,その他
清里町農業協同組合,3330,その他
西印旛農業協同組合,4996,その他
西宇和農業協同組合,8463,その他
西海みずき信用組合,2825,その他
西三河農業協同組合,6560,その他
西春日井農業協同組合,6456,その他
西多摩農業協同組合,5037,その他
西東京農業協同組合,5030,その他
西美濃農業協同組合,6175,その他
青森県信用組合,2030,その他
青森農業協同組合,3373,その他
青和信用組合,2231,その他
静岡県信用農業協同組合連合会,3021,その他
静岡市農業協同組合,6373,その他
石巻商工信用組合,2061,その他
石川かほく農業協同組合,6062,その他
石川県信用農業協同組合連合会,3019,その他
赤城橘農業協同組合,4540,その他
仙台農業協同組合,3636,その他
仙北信用組合,2063,その他
千葉みらい農業協同組合,4954,その他
洗馬農業協同組合,5462,その他
前橋市農業協同組合,4544,その他
全国信用協同組合連合会,2010,その他
全東栄信用組合,2202,その他
相愛信用組合,2318,その他
相生市農業協同組合,7316,その他
相双五城信用組合,2095,その他
相馬村農業協同組合,3390,その他
相模原市農業協同組合,5159,その他
足寄町農業協同組合,3289,その他
足利市農業協同組合,4533,その他
多気郡農業協同組合,6697,その他
多野藤岡農業協同組合,4594,その他
太田市農業協同組合,4665,その他
対馬農業協同組合,8906,その他
帯広市川西農業協同組合,3264,その他
帯広大正農業協同組合,3265,その他
大井川農業協同組合,6377,その他
大潟村農業協同組合,3929,その他
大阪協栄信用組合,2543,その他
大阪市農業協同組合,7200,その他
大阪泉州農業協同組合,7087,その他
大阪中河内農業協同組合,7164,その他
大阪貯蓄信用組合,2548,その他
大阪東部農業協同組合,7184,その他
大阪南農業協同組合,7139,その他
大阪府医師信用組合,2560,その他
大阪府信用農業協同組合連合会,3027,その他
大阪北部農業協同組合,7041,その他
大樹町農業協同組合,3269,その他
大船渡市農業協同組合,3598,その他
大津松茂農業協同組合,8261,その他
大東京信用組合,2248,その他
大同信用組合,2540,その他
大分県漁業協同組合,9493,その他
大分県信用組合,2870,その他
大分県信用農業協同組合連合会,3044,その他
大分県農業協同組合,9104,その他
大分大山町農業協同組合,9145,その他
大北農業協同組合,5470,その他
第一勧業信用組合,2254,その他
丹波ささやま農業協同組合,7362,その他
丹波ひかみ農業協同組合,7353,その他
淡陽信用組合,2616,その他
淡路日の出農業協同組合,7363,その他
筑紫農業協同組合,8636,その他
筑前あさくら農業協同組合,8645,その他
中ノ郷信用組合,2235,その他
中央信用組合,2556,その他
中札内村農業協同組合,3266,その他
中春別農業協同組合,3358,その他
中標津町農業協同組合,3349,その他
中野市農業協同組合,5491,その他
忠類農業協同組合,3268,その他
朝銀西信用組合,2672,その他
町田市農業協同組合,5060,その他
銚子商工信用組合,2184,その他
長崎県央農業協同組合,8813,その他
長崎三菱信用組合,2820,その他
長崎西彼農業協同組合,8794,その他
長生農業協同組合,4916,その他
長野県信用組合,2390,その他
長野県信用農業協同組合連合会,3016,その他
長野八ヶ岳農業協同組合,5311,その他
鳥取いなば農業協同組合,7601,その他
鳥取県信用農業協同組合連合会,3031,その他
鳥取西部農業協同組合,7641,その他
鳥取中央農業協同組合,7625,その他
直鞍農業協同組合,8694,その他
津安芸農業協同組合,6673,その他
津軽みらい農業協同組合,3407,その他
津別町農業協同組合,3319,その他
嬬恋村農業協同組合,4628,その他
鶴岡市農業協同組合,4000,その他
笛吹農業協同組合,5199,その他
天童市農業協同組合,3938,その他
天白信用農業協同組合,6436,その他
田川農業協同組合,8715,その他
都留信用組合,2378,その他
土佐くろしお農業協同組合,8589,その他
土佐信用組合,2740,その他
唐津農業協同組合,8766,その他
島原雲仙農業協同組合,8829,その他
島根益田信用組合,2661,その他
島根県農業協同組合,7708,その他
東とくしま農業協同組合,8234,その他
東びわこ農業協同組合,6912,その他
東旭川農業協同組合,3220,その他
東宇和農業協同組合,8477,その他
東京あおば農業協同組合,5097,その他
東京スマイル農業協同組合,5100,その他
東京みどり農業協同組合,5072,その他
東京みらい農業協同組合,5077,その他
東京むさし農業協同組合,5087,その他
東京厚生信用組合,2224,その他
東京中央農業協同組合,5094,その他
東京都職員信用組合,2276,その他
東京都信用農業協同組合連合会,3013,その他
東京南農業協同組合,5055,その他
東根市農業協同組合,3962,その他
東宗谷農業協同組合,3259,その他
東信用組合,2226,その他
東神楽農業協同組合,3219,その他
東西しらかわ農業協同組合,4132,その他
東川町農業協同組合,3227,その他
東日本信用漁業協同組合連合会,9461,その他
東能登川農業協同組合,6909,その他
東美濃農業協同組合,6287,その他
東浴信用組合,2210,その他
当麻農業協同組合,3223,その他
陶都信用農業協同組合,6265,その他
道央農業協同組合,3139,その他
道東あさひ農業協同組合,3354,その他
道北なよろ農業協同組合,3244,その他
徳島県信用漁業協同組合連合会,9485,その他
徳島県信用農業協同組合連合会,3036,その他
徳島市農業協同組合,8231,その他
奈良県農業協同組合,7387,その他
那須信用組合,2125,その他
那須南農業協同組合,4518,その他
那須野農業協同組合,4507,その他
内浦町農業協同組合,6121,その他
南アルプス市農業協同組合,5243,その他
南さつま農業協同組合,9257,その他
南彩農業協同組合,4848,その他
南筑後農業協同組合,8689,その他
南幌町農業協同組合,3161,その他
日立市多賀農業協同組合,4294,その他
能登わかば農業協同組合,6094,その他
能美農業協同組合,5982,その他
農林中央金庫,3000,その他
白山農業協同組合,6012,その他
粕屋農業協同組合,8626,その他
函館市亀田農業協同組合,3066,その他
函館商工信用組合,2017,その他
八王子市農業協同組合,5050,その他
八戸農業協同組合,3488,その他
八千代市農業協同組合,4955,その他
八代地域農業協同組合,9017,その他
比布町農業協同組合,3224,その他
飛騨農業協同組合,6313,その他
飛驒信用組合,2476,その他
備後信用組合,2696,その他
尾張中央農業協同組合,6451,その他
尾道市農業協同組合,8029,その他
美唄市農業協同組合,3164,その他
美瑛町農業協同組合,3228,その他
美幌町農業協同組合,3320,その他
標茶町農業協同組合,3336,その他
標津町農業協同組合,3348,その他
氷見市農業協同組合,5920,その他
浜中町農業協同組合,3335,その他
富山県信用組合,2404,その他
富山市農業協同組合,5897,その他
富士伊豆農業協同組合,6345,その他
富里市農業協同組合,4993,その他
福井県信用農業協同組合連合会,3024,その他
福井県農業協同組合,6785,その他
福岡嘉穂農業協同組合,8701,その他
福岡京築農業協同組合,8730,その他
福岡県信用組合,2773,その他
福岡県信用農業協同組合連合会,3040,その他
福岡市東部農業協同組合,8632,その他
福岡市農業協同組合,8633,その他
福岡大城農業協同組合,8667,その他
福岡八女農業協同組合,8668,その他
福光農業協同組合,5935,その他
福江信用組合,2833,その他
福山市農業協同組合,8047,その他
福島さくら農業協同組合,4196,その他
福島県商工信用組合,2090,その他
福島県信用漁業協同組合連合会,9456,その他
文化産業信用組合,2211,その他
兵庫ひまわり信用組合,2620,その他
兵庫みらい農業協同組合,7264,その他
兵庫県医療信用組合,2605,その他
兵庫県信用組合,2606,その他
兵庫県信用農業協同組合連合会,3028,その他
兵庫西農業協同組合,7288,その他
兵庫南農業協同組合,7240,その他
兵庫六甲農業協同組合,7213,その他
峰延農業協同組合,3165,その他
豊橋商工信用組合,2448,その他
豊橋農業協同組合,6618,その他
豊頃町農業協同組合,3286,その他
房総信用組合,2180,その他
北いぶき農業協同組合,3188,その他
北オホーツク農業協同組合,3297,その他
北さつま農業協同組合,9296,その他
北つくば農業協同組合,4397,その他
北新潟農業協同組合,5554,その他
北はるか農業協同組合,3248,その他
北ひびき農業協同組合,3238,その他
北びわこ農業協同組合,6924,その他
北央信用組合,2011,その他
北河内農業協同組合,7193,その他
北海道信用漁業協同組合連合会,9450,その他
北海道信用農業協同組合連合会,3001,その他
北九州農業協同組合,8692,その他
北群渋川農業協同組合,4593,その他
北郡信用組合,2083,その他
北宗谷農業協同組合,3257,その他
北石狩農業協同組合,3145,その他
北大阪農業協同組合,7025,その他
北富士農業協同組合,5284,その他
幌延町農業協同組合,3208,その他
本渡五和農業協同組合,9069,その他
本別町農業協同組合,3288,その他
摩周湖農業協同組合,3337,その他
幕別町農業協同組合,3282,その他
夢みなみ農業協同組合,4091,その他
鵡川農業協同組合,3114,その他
名古屋青果物信用組合,2444,その他
鳴沢村農業協同組合,5287,その他
木更津市農業協同組合,4902,その他
木曽農業協同組合,5441,その他
木野農業協同組合,3277,その他
門別町農業協同組合,3122,その他
野々市農業協同組合,6010,その他
柳川農業協同組合,8680,その他
湧別町農業協同組合,3305,その他
邑楽館林農業協同組合,4677,その他
夕張市農業協同組合,3173,その他
余市町農業協同組合,3095,その他
余目町農業協同組合,4022,その他
利根沼田農業協同組合,4632,その他
梨北農業協同組合,5260,その他
里浦農業協同組合,8263,その他
陸別町農業協同組合,3290,その他
両備信用組合,2690,その他
緑信用農業協同組合,6443,その他
苓北町農業協同組合,9072,その他
鈴鹿農業協同組合,6665,その他
和歌山県信用農業協同組合連合会,3030,その他